Punk Hazard,One Pace Episode,Chapters,Episodes,Release Date,Length,MKV CRC32,Unnamed: 7
,Punk Hazard 01,Ch. 654-655,"Ep. 574,579",2013.05.17,00:28:24,90015E67,
,Punk Hazard 02,Ch. 656-658,Ep. 580-583,2013.05.20,00:45:36,5A3CE523,
,Punk Hazard 03,Ch. 659-660,Ep. 583-585,2013.05.21,00:29:46,FE661F6E,
,Punk Hazard 04,Ch. 661-662,Ep. 585-587,2013.05.24,00:23:55,666061E3,
,Punk Hazard 05,Ch. 663-664,Ep. 588-589,2013.05.27,00:35:41,ACF1C889,
,Punk Hazard 06,Ch. 665-666,Ep. 591-592,2013.05.31,00:29:17,CC88315A,
,Punk Hazard 07,Ch. 667-668,Ep. 593-594,2013.06.01,00:31:01,F0B1F815,
,Punk Hazard 08,Ch. 669-670,Ep. 595-596,2013.06.02,00:27:50,658D36CE,
,Punk Hazard 09,Ch. 671-672,Ep. 597-598,2013.06.07,00:26:50,AD550761,
,Punk Hazard 10,Ch. 673-674,Ep. 599-600,2013.06.24,00:27:23,72E3E794,
,Punk Hazard 11,Ch. 675-676,Ep. 601-602,2013.07.08,00:25:58,398915C6,
,Punk Hazard 12,Ch. 677-678,Ep. 603-604,2013.07.21,00:22:14,CD83F1E9,
,Punk Hazard 13,Ch. 679-680,Ep. 604-606,2013.08.11,00:22:12,964FB36B,file says 316829437 but 964FB36B is the correct CRC
,Punk Hazard 14,Ch. 681-682,Ep. 607-608,2013.08.31,00:19:10,75CC1F6E,
,Punk Hazard 15,Ch. 683-684,Ep. 609-610,2013.09.17,00:21:15,9CE5B9DD,
,Punk Hazard 16,Ch. 685-686,Ep. 611-612,2013.09.27,00:21:36,4CD92CFC,
,Punk Hazard 17,Ch. 687-688,Ep. 613-614,2013.10.10,00:21:48,0A2624D5,
,Punk Hazard 18,Ch. 689-690,Ep. 615-616,2013.10.23,00:20:28,D56597BC,
,Punk Hazard 19,Ch. 691-692,Ep. 617-618,2013.11.05,00:21:36,54AC1705,
,Punk Hazard 20,Ch. 693-695,Ep. 619-621,2013.12.02,00:23:37,5012E091,
,Punk Hazard 21,Ch. 696-697,Ep. 622-623,2013.12.22,00:23:53,0CBF5258,
,Punk Hazard 22,Ch. 698-699,"Ep. 624-626,628",2014.01.20,00:24:37,021A8886,
