Sabaody Archipelago,One Pace Episode,Chapters,Episodes,Release Date,Length,MKV CRC32
,Sabaody Archipelago 01,Ch. 490-491,Ep. 385-386,2014-12-09,00:28:25,066FD68B
,Sabaody Archipelago 02,Ch. 492-493,Ep. 387-388,2015-01-03,00:24:18,F0334710
,Sabaody Archipelago 03,Ch. 494-495,Ep. 388-389,2015-01-10,00:23:27,C19CADF5
,Sabaody Archipelago 04,Ch. 496-497,Ep. 390-391,2015-02-25,00:31:12,76D21468
,Sabaody Archipelago 05,Ch. 498-500,Ep. 392-394,2017-12-01,00:44:03,7D6E8499
,Sabaody Archipelago 06,Ch. 501-502,Ep. 395-396,2017-12-01,00:27:53,234CBFDC
,Sabaody Archipelago 07,Ch. 503-504,Ep. 397-398,2017-12-01,00:23:57,63A829E4
,Sabaody Archipelago 08,Ch. 505-506,Ep. 399-400,2017-12-01,00:23:39,873CB57E
,Sabaody Archipelago 09,Ch. 507-508,Ep. 400-401,2017-12-01,00:22:29,0E0C5A82
,Sabaody Archipelago 10,Ch. 509-511,Ep. 402-404,2017-12-01,00:30:06,20ADEE90
,Sabaody Archipelago 11,Ch. 512-513,Ep. 404-405,2017-12-01,00:23:45,1306F53D
