Impel Down,One Pace Episode,Chapters,Episodes,Release Date,Length,MKV CRC32
,Impel Down 01,Ch. 525-526,"Ep. 422-423,454",2016.05.21,00:27:34,479D510C
,Impel Down 02,Ch. 527-528,"Ep. 424-425,430",2016.12.30,00:25:13,7306EDA1
,Impel Down 03,Ch. 529-531,"Ep. 425,430-432",2017.01.07,00:39:13,FB406E73
,Impel Down 04,Ch. 532-533,Ep. 433-434,2017.01.20,00:26:52,5DD0859D
,Impel Down 05,Ch. 534-536,"Ep. 435-438,446",2017.02.10,00:35:06,B46EDD50
,Impel Down 06,Ch. 537-538,Ep. 438-440,2017.02.17,00:32:13,5D5D24DF
,Impel Down 07,Ch. 539-540,Ep. 440-443,2017.06.23,00:28:43,379DD054
,Impel Down 08,Ch. 541-543,Ep. 443-446,2017.06.23,00:37:31,683EDC5C
,Impel Down 09,Ch. 544-546,Ep. 446-450,2017.06.23,00:37:43,F0C33425
,Impel Down 10,Ch. 547-548,Ep. 450-451,2017.06.23,00:27:03,540A9642
