Thriller Bark,One Pace Episode,Chapters,Episodes,Release Date,Length,MKV CRC32
,Thriller Bark 01,Ch. 442-443,"Ep. 326,337-339",2013-07-01,00:28:31,30D0916C
,Thriller Bark 02,Ch. 444-445,Ep. 339-340,2013-07-10,00:24:37,EA100F0C
,Thriller Bark 03,Ch. 446-448,Ep. 340-342,2013-07-31,00:34:23,C2AAAAF7
,Thriller Bark 04,Ch. 449-450,Ep. 342-344,2013-08-08,00:23:54,EB4DA5F4
,Thriller Bark 05,Ch. 451-452,Ep. 345-346,2013-08-25,00:18:08,5B4DF29D
,Thriller Bark 06,Ch. 453-454,Ep. 347-348,2013-09-01,00:21:50,60E33665
,Thriller Bark 07,Ch. 455-456,Ep. 349-350,2013-09-07,00:24:44,1E847368
,Thriller Bark 08,Ch. 457-458,Ep. 351-353,2013-09-20,00:21:38,694AD702
,Thriller Bark 09,Ch. 459-460,Ep. 353-355,2013-10-03,00:26:10,19D3B6A3
,Thriller Bark 10,Ch. 461-462,Ep. 356-357,2013-10-18,00:22:37,38BBF05C
,Thriller Bark 11,Ch. 463-464,Ep. 357-359,2013-10-26,00:22:34,D538CFD7
,Thriller Bark 12,Ch. 465-466,Ep. 360-362,2013-11-13,00:20:54,8B836836
,Thriller Bark 13,Ch. 467-468,Ep. 362-363,2013-11-20,00:19:04,3AEE90B8
,Thriller Bark 14,Ch. 469-470,Ep. 364-365,2013-12-08,00:19:11,7CAE5640
,Thriller Bark 15,Ch. 471-472,Ep. 365-367,2013-12-20,00:20:36,A9784E2B
,Thriller Bark 16,Ch. 473-474,Ep. 368-369,2014-01-18,00:23:01,EF1D7B5F
,Thriller Bark 17,Ch. 475-476,Ep. 370-371,2014-01-25,00:23:17,6AAC9B33
,Thriller Bark 18,Ch. 477-479,Ep. 371-372,2014-01-30,00:24:00,2295F0A1
,Thriller Bark 19,Ch. 480-482,Ep. 373-374,2014-02-07,00:28:51,099FB95D
,Thriller Bark 20,Ch. 483-485,Ep. 375-377,2014-09-28,00:34:00,AD2D4BCD
,Thriller Bark 21,Ch. 486-487,Ep. 378-380,2014-10-11,00:32:59,22E58F96
,Thriller Bark 22,Ch. 488-489,Ep. 380-381,2014-10-12,00:24:21,F23079ED
